path,class,material,vlm_color,vlm_pattern,vlm_texture,gt_color,gt_pattern,gt_texture,audited
/content/data/fabric/test/chambray/belladinotte_miki_cornflower_ladies_top_front.jpg,chambray,cotton,blue,solid,smooth,blue,solid,smooth,True
/content/data/fabric/test/chambray/exo-d-o-for-life-man-wearing-blue-chambray-jacket.jpg,chambray,cotton,grey,solid,fluffy_furry,grey,solid,rough_coarse,True
/content/data/fabric/test/chambray/34652181162_75cd9106fa_b.jpg,chambray,cotton,blue,unknown,rough_coarse,blue,solid,rough_coarse,True
/content/data/fabric/test/chambray/cedar_greychambray_02_1.jpg,chambray,cotton,grey,solid,smooth,grey,solid,smooth,True
/content/data/fabric/test/chambray/chambray-shirt-under-cotton-v-neck.jpg,chambray,cotton,beige,solid,rough_coarse,beige,solid,rough_coarse,True
/content/data/fabric/test/chambray/00456167-05.jpg,chambray,cotton,green,solid,rough_coarse,green,solid,smooth,True
/content/data/fabric/test/chambray/154612-king-louie-27176-olive-dress-riverblu-20190322-015-full.jpg,chambray,cotton,blue,solid,rough_coarse,blue,solid,rough_coarse,True
/content/data/fabric/test/chambray/chambray-imgs-1.jpg,chambray,cotton,blue,solid,unknown,blue,solid,smooth,True
/content/data/fabric/test/chambray/sybil-skirt-rcf-33-1-1000x667.jpg,chambray,cotton,blue,solid,ribbed_structured,blue,solid,ribbed_structured,True
/content/data/fabric/test/chambray/20201214_leonard_street_s34_1388.jpg,chambray,cotton,grey,floral,rough_coarse,grey,floral,smooth,True
/content/data/fabric/test/chiffon/822847_imaterial.jpeg,chiffon,silk_satin,black,solid,smooth,black,solid,smooth,True
/content/data/fabric/test/chiffon/788099_imaterial.jpeg,chiffon,silk_satin,navy,unknown,sheer,navy,solid,sheer,True
/content/data/fabric/test/chiffon/252256_imaterial.jpeg,chiffon,silk_satin,blue,solid,smooth,blue,solid,smooth,True
/content/data/fabric/test/chiffon/wynnelayers-chiffon-jacket-neutral-d-20210503101437937~682650_alt97.jpg,chiffon,silk_satin,blue,striped,sheer,blue,striped,sheer,True
/content/data/fabric/test/chiffon/970020_imaterial.jpeg,chiffon,silk_satin,navy,floral,sheer,navy,geometric,sheer,True
/content/data/fabric/test/chiffon/261311_imaterial.jpeg,chiffon,silk_satin,yellow,solid,unknown,yellow,solid,smooth,True
/content/data/fabric/test/chiffon/253234_imaterial.jpeg,chiffon,silk_satin,green,solid,smooth,green,solid,smooth,True
/content/data/fabric/test/chiffon/723906_imaterial.jpeg,chiffon,silk_satin,green,solid,ribbed_structured,green,solid,smooth,True
/content/data/fabric/test/chiffon/86091_imaterial.jpeg,chiffon,silk_satin,blue,solid,smooth,blue,solid,smooth,True
/content/data/fabric/test/chiffon/saloos-jacket-cream-12-chiffon-jacket-with-double-layered-floral-embellished-sleeveless-dress-30539705483463_2400x.jpg,chiffon,silk_satin,black,floral,unknown,black,floral,smooth,True
/content/data/fabric/test/corduroy/beige-corduroy-shirt-jacket.jpg,corduroy,cotton,beige,striped,ribbed_structured,beige,striped,ribbed_structured,True
/content/data/fabric/test/corduroy/ia00553422-1-112020-is2-b1-46m_519x.jpg,corduroy,cotton,brown,solid,unknown,brown,solid,smooth,True
/content/data/fabric/test/corduroy/4747_06765777_2.jpg,corduroy,cotton,pink,checkered_plaid,ribbed_structured,pink,checkered_plaid,ribbed_structured,True
/content/data/fabric/test/corduroy/945a572c-db17-47_131149_d.jpg,corduroy,cotton,black,solid,ribbed_structured,black,solid,ribbed_structured,True
/content/data/fabric/test/corduroy/d5d492512b9aa11d3ca307955fc8fedf.jpg,corduroy,cotton,beige,solid,rough_coarse,beige,solid,rough_coarse,True
/content/data/fabric/test/corduroy/2158655-3-01.jpg,corduroy,cotton,green,solid,rough_coarse,green,solid,rough_coarse,True
/content/data/fabric/test/corduroy/8c5ee572de0b46459a17405e06e14e7c.jpg,corduroy,cotton,beige,solid,ribbed_structured,beige,solid,ribbed_structured,True
/content/data/fabric/test/corduroy/revolution-2715_600x600c.jpg,corduroy,cotton,brown,solid,ribbed_structured,brown,solid,ribbed_structured,True
"/content/data/fabric/test/corduroy/06d138c3-2468-449d-8852-f2d5b1087cf4.__cr0,0,970,600_pt0_sx970_v1___.jpg",corduroy,cotton,grey,striped,ribbed_structured,grey,striped,smooth,True
/content/data/fabric/test/corduroy/agg43993_chocolate_xl.jpg,corduroy,cotton,brown,solid,rough_coarse,brown,solid,smooth,True
/content/data/fabric/test/denim/sweater-and-skinny-jeans-outfit-271281-1540874187704-image.700x0c.jpg,denim,denim,grey,solid,ribbed_structured,white,solid,ribbed_structured,True
/content/data/fabric/test/denim/148865_imaterial.jpeg,denim,denim,blue,solid,smooth,blue,solid,smooth,True
/content/data/fabric/test/denim/258815_imaterial.jpeg,denim,denim,white,solid,smooth,white,solid,smooth,True
/content/data/fabric/test/denim/129151_imaterial.jpeg,denim,denim,navy,solid,smooth,navy,solid,smooth,True
/content/data/fabric/test/denim/cog1800836_01.jpg,denim,denim,blue,solid,ribbed_structured,blue,solid,rough_coarse,True
/content/data/fabric/test/denim/6945_imaterial.jpeg,denim,denim,blue,unknown,rough_coarse,blue,solid,rough_coarse,True
/content/data/fabric/test/denim/533290_imaterial.jpeg,denim,denim,grey,solid,ribbed_structured,grey,solid,smooth,True
/content/data/fabric/test/denim/688640_imaterial.jpeg,denim,denim,blue,floral,rough_coarse,blue,floral,rough_coarse,True
/content/data/fabric/test/denim/denim-romper-styledup-fashion.jpg,denim,denim,blue,solid,unknown,blue,solid,smooth,True
/content/data/fabric/test/denim/catrina-denim-skirt-e43a761bfb47.jpg,denim,denim,yellow,solid,ribbed_structured,yellow,solid,ribbed_structured,True
/content/data/fabric/test/faux_fur/6e7044ca67d2b84e17fc2d977cdb888b.jpg,faux_fur,knitwear,grey,solid,fluffy_furry,grey,solid,fluffy_furry,True
/content/data/fabric/test/faux_fur/969827_l1_imaterial.jpeg,faux_fur,knitwear,grey,animal_print,fluffy_furry,grey,animal_print,fluffy_furry,True
/content/data/fabric/test/faux_fur/45297_imaterial.jpeg,faux_fur,knitwear,pink,solid,smooth,pink,solid,smooth,True
/content/data/fabric/test/faux_fur/128148_imaterial.jpeg,faux_fur,knitwear,green,animal_print,fluffy_furry,green,animal_print,fluffy_furry,True
/content/data/fabric/test/faux_fur/088d44b192ed8d6a39264d7035b26af0.jpg,faux_fur,knitwear,grey,solid,smooth,grey,solid,smooth,True
/content/data/fabric/test/faux_fur/44502_l1_imaterial.jpeg,faux_fur,knitwear,green,checkered_plaid,rough_coarse,green,checkered_plaid,rough_coarse,True
/content/data/fabric/test/faux_fur/301695_imaterial.jpeg,faux_fur,knitwear,green,solid,fluffy_furry,green,solid,rough_coarse,True
/content/data/fabric/test/faux_fur/931172_imaterial.jpeg,faux_fur,knitwear,pink,unknown,rough_coarse,pink,solid,rough_coarse,True
/content/data/fabric/test/faux_fur/%2fmethode%2ftimes%2fprod%2fweb%2fbin%2f83dc0f30-3bbe-11ec-9bef-aa3112940013.jpg,faux_fur,knitwear,brown,solid,fluffy_furry,brown,solid,fluffy_furry,True
/content/data/fabric/test/faux_fur/11817_imaterial.jpeg,faux_fur,knitwear,grey,solid,fluffy_furry,grey,solid,fluffy_furry,True
/content/data/fabric/test/faux_leather/pinteresting-plans-commando-faux-leather-leggings-4-1.jpg,faux_leather,leather,brown,unknown,ribbed_structured,brown,solid,ribbed_structured,True
/content/data/fabric/test/faux_leather/who-what-wear-belted-leather-blazer-target-285238-1580421782317-image.700x0c.jpg,faux_leather,leather,black,solid,unknown,black,solid,smooth,True
/content/data/fabric/test/faux_leather/ia00503847-s27251-2-100120-is2-b1_519x.jpg,faux_leather,leather,black,solid,unknown,black,solid,smooth,True
/content/data/fabric/test/faux_leather/sand-faux-leather-tie-tux-jumpsuit.jpg,faux_leather,leather,brown,solid,smooth,brown,solid,smooth,True
/content/data/fabric/test/faux_leather/pzz73297_black_xl.jpg,faux_leather,leather,black,solid,ribbed_structured,black,solid,smooth,True
/content/data/fabric/test/faux_leather/suze-faux-leather-shirt-sand-shirt-the-frankie-shop-425241_600x.jpg,faux_leather,leather,beige,solid,ribbed_structured,beige,solid,smooth,True
/content/data/fabric/test/faux_leather/5059188346115.jpg,faux_leather,leather,black,solid,smooth,black,solid,smooth,True
/content/data/fabric/test/faux_leather/5876i.jpg,faux_leather,leather,brown,solid,ribbed_structured,brown,solid,ribbed_structured,True
/content/data/fabric/test/faux_leather/510294757b664860a479f09167ce115d.jpg,faux_leather,leather,green,solid,ribbed_structured,green,solid,smooth,True
/content/data/fabric/test/faux_leather/aqq15649_black_xl_4.jpg,faux_leather,leather,brown,animal_print,sheer,brown,animal_print,sheer,True
/content/data/fabric/test/flannel/985180_imaterial.jpeg,flannel,cotton,pink,checkered_plaid,rough_coarse,pink,checkered_plaid,rough_coarse,True
/content/data/fabric/test/flannel/women-039-s-blouses-shirts-2021-fashion-ladies.jpg,flannel,cotton,brown,checkered_plaid,smooth,brown,checkered_plaid,smooth,True
/content/data/fabric/test/flannel/purificacic3b3n-garcc3ada-jackets-double-breasted-wool-flannel-blazer-grey-womens-600x900.jpg,flannel,cotton,grey,solid,ribbed_structured,grey,solid,rough_coarse,True
/content/data/fabric/test/flannel/176603_imaterial.jpeg,flannel,cotton,pink,floral,fluffy_furry,pink,floral,fluffy_furry,True
/content/data/fabric/test/flannel/remio-dog-flannel-l-s-shirt_natural_bu00131_natur_m01_1200x.jpg,flannel,cotton,green,floral,rough_coarse,green,floral,rough_coarse,True
/content/data/fabric/test/flannel/667353_imaterial.jpeg,flannel,cotton,navy,solid,fluffy_furry,navy,solid,fluffy_furry,True
/content/data/fabric/test/flannel/13968013020;sq=400;p=0;t=oopwmm0wtwkubavxrhy3dyf_hxctahr6-iy96f1q5zyf3vmwk8jou38bnidtjh6fzaujffa1yhxrviwgx2uyip5ipdap3dzj1dybuc8dzlc8idwclodp6cvysxiiha==.jpg,flannel,cotton,pink,checkered_plaid,rough_coarse,pink,checkered_plaid,rough_coarse,True
/content/data/fabric/test/flannel/572467_imaterial.jpeg,flannel,cotton,green,animal_print,fluffy_furry,green,animal_print,fluffy_furry,True
/content/data/fabric/test/flannel/384a16b01fe84df4092b7a64a58148de.jpg,flannel,cotton,navy,checkered_plaid,rough_coarse,navy,checkered_plaid,rough_coarse,True
/content/data/fabric/test/flannel/2795300020_2_1_1.jpg,flannel,cotton,beige,checkered_plaid,rough_coarse,beige,checkered_plaid,rough_coarse,True
/content/data/fabric/test/fleece/1000x1000.jpg,fleece,knitwear,blue,striped,fluffy_furry,blue,striped,fluffy_furry,True
/content/data/fabric/test/fleece/606f2d62655a8.jpeg,fleece,knitwear,pink,solid,ribbed_structured,pink,solid,smooth,True
/content/data/fabric/test/fleece/749486_imaterial.jpeg,fleece,knitwear,yellow,solid,smooth,yellow,solid,smooth,True
/content/data/fabric/test/fleece/1001427_imaterial.jpeg,fleece,knitwear,navy,solid,ribbed_structured,navy,solid,smooth,True
/content/data/fabric/test/fleece/817082_imaterial.jpeg,fleece,knitwear,grey,solid,rough_coarse,grey,solid,smooth,True
/content/data/fabric/test/fleece/l807_mediumhthrgrey_model_front_052016.jpg,fleece,knitwear,grey,solid,ribbed_structured,grey,solid,smooth,True
/content/data/fabric/test/fleece/fleece-sweatshirt-hoodie-dress.jpg,fleece,knitwear,purple,floral,unknown,purple,floral,fluffy_furry,True
/content/data/fabric/test/fleece/29100_imaterial.jpeg,fleece,knitwear,beige,solid,rough_coarse,beige,solid,rough_coarse,True
/content/data/fabric/test/fleece/1001o5j-rbx-active-women-s-long-sleeve-fashion-fleece-tunic-pullover_500x660_c1.jpg,fleece,knitwear,red,solid,rough_coarse,red,solid,rough_coarse,True
/content/data/fabric/test/fleece/sturgess-maflfltr0002-twi-m02.jpg,fleece,knitwear,blue,solid,rough_coarse,blue,solid,smooth,True
/content/data/fabric/test/gingham/b65dbc53-3803-4829-9553-65abb2a5c374_1024x1024.jpg,gingham,cotton,blue,checkered_plaid,rough_coarse,blue,checkered_plaid,rough_coarse,True
/content/data/fabric/test/gingham/gingham-top-denim-shorts-italy-17-360x540.jpg,gingham,cotton,grey,striped,ribbed_structured,grey,striped,smooth,True
/content/data/fabric/test/gingham/shein-button-front-ruffle-hem-shirred-gingham-blouse-247x296.jpg,gingham,cotton,red,checkered_plaid,rough_coarse,red,checkered_plaid,smooth,True
/content/data/fabric/test/gingham/pr321-gingham-ladies-1.jpg,gingham,cotton,grey,checkered_plaid,unknown,grey,checkered_plaid,smooth,True
/content/data/fabric/test/gingham/never-fully-dressed-black-and-navy-gingham-blouse4_300x450.jpg,gingham,cotton,navy,geometric,ribbed_structured,navy,geometric,rough_coarse,True
/content/data/fabric/test/gingham/4ab31aa900000578-5563181-image-m-76_1522434356757.jpg,gingham,cotton,red,checkered_plaid,rough_coarse,red,checkered_plaid,rough_coarse,True
/content/data/fabric/test/gingham/71wvg0ckxkl._ac_sy450_.jpg,gingham,cotton,red,checkered_plaid,fluffy_furry,red,checkered_plaid,fluffy_furry,True
/content/data/fabric/test/gingham/hsm1up-l-610x610-skirt-tumblr-sunglasses-yellow+sunglasses-midi+skirt-gingham-t+shirt-red+t+shirt-bag-black+bag-summer+outfits-headband-gingham+skirt-wrap+ruffle+skirt.jpg,gingham,cotton,red,checkered_plaid,rough_coarse,red,solid,smooth,True
/content/data/fabric/test/gingham/lollys-liam-pants-3.jpg,gingham,cotton,brown,checkered_plaid,rough_coarse,brown,checkered_plaid,rough_coarse,True
/content/data/fabric/test/gingham/aqq42740_black_xl.jpg,gingham,cotton,black,checkered_plaid,ribbed_structured,black,checkered_plaid,ribbed_structured,True
/content/data/fabric/test/jersey/angel-pink-brushed-jersey-hoodie-leggings_wi9gxyrlglgl08lg.jpg,jersey,cotton,pink,solid,ribbed_structured,pink,solid,ribbed_structured,True
/content/data/fabric/test/jersey/001419-1659-06.jpg,jersey,cotton,navy,solid,ribbed_structured,navy,solid,ribbed_structured,True
/content/data/fabric/test/jersey/v02gx147725w.jpg,jersey,cotton,black,floral,ribbed_structured,black,floral,ribbed_structured,True
/content/data/fabric/test/jersey/we498a_1.jpg,jersey,cotton,black,animal_print,rough_coarse,black,animal_print,rough_coarse,True
/content/data/fabric/test/jersey/m39062.jpg,jersey,cotton,navy,striped,fluffy_furry,navy,striped,fluffy_furry,True
/content/data/fabric/test/jersey/red-midi-shirt-dress-dresses-mint-velvet-121064_1200x1200.jpg,jersey,cotton,red,solid,smooth,red,solid,smooth,True
/content/data/fabric/test/jersey/4787_00551-4787_00551-gallery_image_def-4787-gemstone-panel-printed-skirt-aw21-1.jpg,jersey,cotton,black,geometric,rough_coarse,black,geometric,rough_coarse,True
/content/data/fabric/test/jersey/64265-01032-d-1-large.jpg,jersey,cotton,white,floral,ribbed_structured,white,floral,ribbed_structured,True
/content/data/fabric/test/jersey/q03727s.jpg,jersey,cotton,black,solid,sheer,black,solid,sheer,True
/content/data/fabric/test/jersey/5716_00611-5716_00611-gallery_image_def-5716-twilight-4-panel-skirt-ss22-1.jpg,jersey,cotton,purple,animal_print,ribbed_structured,purple,animal_print,ribbed_structured,True
/content/data/fabric/test/knit/889584_imaterial.jpeg,knit,knitwear,red,geometric,fluffy_furry,red,geometric,fluffy_furry,True
/content/data/fabric/test/knit/257365_imaterial.jpeg,knit,knitwear,red,solid,ribbed_structured,red,solid,ribbed_structured,True
/content/data/fabric/test/knit/404411_imaterial.jpeg,knit,knitwear,yellow,solid,rough_coarse,yellow,solid,rough_coarse,True
/content/data/fabric/test/knit/719749_l1_imaterial.jpeg,knit,knitwear,beige,animal_print,fluffy_furry,beige,animal_print,fluffy_furry,True
/content/data/fabric/test/knit/61459_imaterial.jpeg,knit,knitwear,black,checkered_plaid,rough_coarse,black,checkered_plaid,rough_coarse,True
/content/data/fabric/test/knit/20200925_60222_b4.jpg,knit,knitwear,purple,solid,ribbed_structured,purple,solid,ribbed_structured,True
/content/data/fabric/test/knit/794090_imaterial.jpeg,knit,knitwear,pink,geometric,rough_coarse,pink,geometric,rough_coarse,True
/content/data/fabric/test/knit/164329_imaterial.jpeg,knit,knitwear,blue,striped,rough_coarse,blue,striped,rough_coarse,True
/content/data/fabric/test/knit/152687_imaterial.jpeg,knit,knitwear,yellow,geometric,rough_coarse,yellow,geometric,rough_coarse,True
/content/data/fabric/test/knit/924460_imaterial.jpeg,knit,knitwear,pink,solid,smooth,pink,solid,smooth,True
/content/data/fabric/test/lace/78132_imaterial.jpeg,lace,knitwear,black,solid,sheer,black,solid,sheer,True
/content/data/fabric/test/lace/134179_imaterial.jpeg,lace,knitwear,pink,solid,rough_coarse,pink,striped,rough_coarse,True
/content/data/fabric/test/lace/739747_imaterial.jpeg,lace,knitwear,white,solid,sheer,white,solid,sheer,True
/content/data/fabric/test/lace/626287_imaterial.jpeg,lace,knitwear,white,floral,sheer,white,solid,sheer,True
/content/data/fabric/test/lace/903391_imaterial.jpeg,lace,knitwear,black,floral,sheer,black,solid,sheer,True
/content/data/fabric/test/lace/42904_imaterial.jpeg,lace,knitwear,grey,floral,sheer,grey,floral,sheer,True
/content/data/fabric/test/lace/38634_imaterial.jpeg,lace,knitwear,black,floral,sheer,black,floral,sheer,True
/content/data/fabric/test/lace/474325_imaterial.jpeg,lace,knitwear,red,solid,smooth,red,solid,smooth,True
/content/data/fabric/test/lace/550515_imaterial.jpeg,lace,knitwear,white,solid,rough_coarse,white,solid,rough_coarse,True
/content/data/fabric/test/lace/430338_imaterial.jpeg,lace,knitwear,black,unknown,sheer,black,unknown,sheer,True
/content/data/fabric/test/lawn/ms03mdezmju2nju5mtm5oje5mtk4mtuwnti.jpg,lawn,cotton,green,solid,rough_coarse,green,solid,rough_coarse,True
/content/data/fabric/test/lawn/exquisite-charming-sexy-beautiful-brunette-girl-blouse-headband-poses-sitting-green-lawn-summer-park-have-relax-time-157974773.jpg,lawn,cotton,pink,floral,sheer,pink,floral,sheer,True
/content/data/fabric/test/lawn/gran-torino-get-off-my-lawn--long-sleeved-t-shirt.jpg,lawn,cotton,black,solid,rough_coarse,black,solid,rough_coarse,True
/content/data/fabric/test/lawn/2-piece-lawn-shirt-and-trouser-by-orient-textile-fashionhuntworld%2b(3).jpg,lawn,cotton,beige,floral,rough_coarse,beige,floral,rough_coarse,True
/content/data/fabric/test/lawn/camicetta-bambina-pantaloni-cotone-bambina-sheila.jpg,lawn,cotton,yellow,floral,rough_coarse,yellow,floral,rough_coarse,True
/content/data/fabric/test/lawn/stock-photo-beautiful-little-girl-in-yellow-blouse-close-up-on-green-lawn-sheared-127697669.jpg,lawn,cotton,yellow,solid,rough_coarse,white,solid,rough_coarse,True
/content/data/fabric/test/lawn/gul-ahmed-summer-2022-essential-1-pc-collection-1-pc-digital-printed-lawn-shirt-sl-854_78287fcd-c145-4549-93d8-00139e07d561.jpg,lawn,cotton,black,animal_print,smooth,black,animal_print,smooth,True
/content/data/fabric/test/lawn/sigrid_maria_250321-055.jpg,lawn,cotton,red,floral,rough_coarse,red,floral,rough_coarse,True
/content/data/fabric/test/lawn/limelight-lawn-shirt-lim180-811481.jpg,lawn,cotton,beige,geometric,rough_coarse,beige,geometric,rough_coarse,True
/content/data/fabric/test/lawn/funny-clint-eastwood-get-off-my-lawn-sweater.jpg,lawn,cotton,black,solid,rough_coarse,black,solid,smooth,True
/content/data/fabric/test/neoprene/468117_imaterial.jpeg,neoprene,synthetic,black,solid,ribbed_structured,black,solid,ribbed_structured,True
/content/data/fabric/test/neoprene/995432_imaterial.jpeg,neoprene,synthetic,yellow,solid,smooth,yellow,solid,smooth,True
/content/data/fabric/test/neoprene/279051_imaterial.jpeg,neoprene,synthetic,blue,solid,smooth,blue,solid,smooth,True
/content/data/fabric/test/neoprene/310952_imaterial.jpeg,neoprene,synthetic,yellow,solid,smooth,black,solid,smooth,True
/content/data/fabric/test/neoprene/219825_imaterial.jpeg,neoprene,synthetic,green,solid,smooth,grey,solid,smooth,True
/content/data/fabric/test/neoprene/48730_imaterial.jpeg,neoprene,synthetic,black,solid,smooth,black,solid,smooth,True
/content/data/fabric/test/neoprene/935692_imaterial.jpeg,neoprene,synthetic,black,solid,smooth,black,solid,smooth,True
/content/data/fabric/test/neoprene/346796_imaterial.jpeg,neoprene,synthetic,grey,solid,smooth,grey,solid,smooth,True
/content/data/fabric/test/neoprene/236155_imaterial.jpeg,neoprene,synthetic,purple,striped,smooth,purple,striped,smooth,True
/content/data/fabric/test/neoprene/316448_imaterial.jpeg,neoprene,synthetic,green,solid,smooth,grey,solid,smooth,True
/content/data/fabric/test/organza/422004_imaterial.jpeg,organza,silk_satin,black,unknown,sheer,black,solid,sheer,True
/content/data/fabric/test/organza/239550_imaterial.jpeg,organza,silk_satin,red,checkered_plaid,smooth,red,checkered_plaid,smooth,True
/content/data/fabric/test/organza/8zara-organza-blouse-bow-detail.jpg,organza,silk_satin,black,solid,sheer,black,solid,sheer,True
/content/data/fabric/test/organza/606383_imaterial.jpeg,organza,silk_satin,white,floral,unknown,white,floral,fluffy_furry,True
/content/data/fabric/test/organza/img_4944_600x.jpg,organza,silk_satin,grey,floral,sheer,pink,floral,fluffy_furry,True
/content/data/fabric/test/organza/518758_imaterial.jpeg,organza,silk_satin,white,solid,unknown,white,solid,rough_coarse,True
/content/data/fabric/test/organza/pixie-1-7.jpg,organza,silk_satin,white,unknown,sheer,white,geometric,rough_coarse,True
/content/data/fabric/test/organza/printed-silk-organza-dress.jpg,organza,silk_satin,purple,floral,sheer,purple,floral,sheer,True
/content/data/fabric/test/organza/252040_imaterial.jpeg,organza,silk_satin,pink,striped,sheer,pink,striped,sheer,True
/content/data/fabric/test/organza/ssa155ss17-f5_4096x4096.jpg,organza,silk_satin,navy,striped,ribbed_structured,navy,striped,ribbed_structured,True
/content/data/fabric/test/plush/805426_imaterial.jpeg,plush,knitwear,white,floral,fluffy_furry,white,floral,fluffy_furry,True
/content/data/fabric/test/plush/411482_imaterial.jpeg,plush,knitwear,navy,unknown,fluffy_furry,navy,solid,fluffy_furry,True
/content/data/fabric/test/plush/613545_imaterial.jpeg,plush,knitwear,white,animal_print,fluffy_furry,white,animal_print,fluffy_furry,True
/content/data/fabric/test/plush/1001752_l1_imaterial.jpeg,plush,knitwear,brown,animal_print,fluffy_furry,brown,animal_print,fluffy_furry,True
/content/data/fabric/test/plush/367552_imaterial.jpeg,plush,knitwear,purple,checkered_plaid,fluffy_furry,purple,checkered_plaid,fluffy_furry,True
/content/data/fabric/test/plush/239503_imaterial.jpeg,plush,knitwear,black,solid,smooth,black,solid,smooth,True
/content/data/fabric/test/plush/138899_imaterial.jpeg,plush,knitwear,blue,solid,smooth,blue,solid,fluffy_furry,True
/content/data/fabric/test/plush/376268_imaterial.jpeg,plush,knitwear,yellow,animal_print,fluffy_furry,yellow,animal_print,fluffy_furry,True
/content/data/fabric/test/plush/90756_imaterial.jpeg,plush,knitwear,navy,solid,fluffy_furry,navy,solid,fluffy_furry,True
/content/data/fabric/test/plush/1000772_imaterial.jpeg,plush,knitwear,black,unknown,sheer,black,geometric,sheer,True
/content/data/fabric/test/satin/181502_imaterial.jpeg,satin,silk_satin,black,unknown,smooth,black,floral,sheer,True
/content/data/fabric/test/satin/50016_l1_imaterial.jpeg,satin,silk_satin,white,solid,sheer,white,solid,rough_coarse,True
/content/data/fabric/test/satin/satin-ruched-waist-blouse.jpg,satin,silk_satin,green,solid,smooth,green,solid,smooth,True
/content/data/fabric/test/satin/53104817-10417589-image-a-3_1642581154136.jpg,satin,silk_satin,pink,unknown,sheer,pink,solid,sheer,True
/content/data/fabric/test/satin/253022_imaterial.jpeg,satin,silk_satin,purple,floral,smooth,purple,floral,rough_coarse,True
/content/data/fabric/test/satin/38fd6c1f7818a8ffa1b908913a7955fe75933470_cmm9709_1.jpg,satin,silk_satin,white,solid,ribbed_structured,white,solid,ribbed_structured,True
/content/data/fabric/test/satin/270245_imaterial.jpeg,satin,silk_satin,red,solid,smooth,red,solid,smooth,True
/content/data/fabric/test/satin/abby-pink-satin-hoodie.jpg,satin,silk_satin,pink,solid,smooth,pink,solid,smooth,True
/content/data/fabric/test/satin/156562_imaterial.jpeg,satin,silk_satin,white,solid,smooth,white,solid,smooth,True
/content/data/fabric/test/satin/2_satin-varsity-jacket-in-royal-blue-front-side_large.jpg,satin,silk_satin,blue,solid,smooth,blue,solid,smooth,True
/content/data/fabric/test/taffeta/12cm903300185_02.jpg,taffeta,silk_satin,navy,solid,smooth,navy,solid,smooth,True
/content/data/fabric/test/taffeta/106559_imaterial.jpeg,taffeta,silk_satin,pink,solid,smooth,pink,solid,smooth,True
/content/data/fabric/test/taffeta/eva-taffeta-ball-skirt-black-608564.jpg,taffeta,silk_satin,black,solid,rough_coarse,black,solid,rough_coarse,True
/content/data/fabric/test/taffeta/lacoste%20live%20signature%20taffeta%20jacke%20411_1.jpg,taffeta,silk_satin,black,solid,smooth,black,solid,smooth,True
/content/data/fabric/test/taffeta/il_570xn.2000081999_3nwn.jpg,taffeta,silk_satin,black,solid,rough_coarse,black,solid,rough_coarse,True
/content/data/fabric/test/taffeta/202tp3250-00006-02.jpg,taffeta,silk_satin,black,solid,ribbed_structured,black,solid,ribbed_structured,True
/content/data/fabric/test/taffeta/341472_imaterial.jpeg,taffeta,silk_satin,purple,solid,smooth,purple,solid,smooth,True
/content/data/fabric/test/taffeta/20wsq6179_a1_ok1.jpg,taffeta,silk_satin,black,floral,ribbed_structured,black,floral,ribbed_structured,True
/content/data/fabric/test/taffeta/img_0072_1024x1024.jpg,taffeta,silk_satin,brown,solid,smooth,brown,solid,smooth,True
/content/data/fabric/test/taffeta/b19_taft_forest.jpg,taffeta,silk_satin,green,solid,smooth,green,solid,smooth,True
/content/data/fabric/test/tulle/209269_imaterial.jpeg,tulle,synthetic,black,floral,sheer,black,floral,sheer,True
/content/data/fabric/test/tulle/674640_imaterial.jpeg,tulle,synthetic,white,floral,sheer,white,floral,rough_coarse,True
/content/data/fabric/test/tulle/142637_l1_imaterial.jpeg,tulle,synthetic,black,floral,sheer,black,floral,sheer,True
/content/data/fabric/test/tulle/699850_l1_imaterial.jpeg,tulle,synthetic,white,checkered_plaid,rough_coarse,white,checkered_plaid,rough_coarse,True
/content/data/fabric/test/tulle/601507_imaterial.jpeg,tulle,synthetic,white,solid,unknown,white,solid,rough_coarse,True
/content/data/fabric/test/tulle/14066_imaterial.jpeg,tulle,synthetic,black,solid,rough_coarse,black,solid,rough_coarse,True
/content/data/fabric/test/tulle/693724_imaterial.jpeg,tulle,synthetic,pink,floral,sheer,pink,floral,sheer,True
/content/data/fabric/test/tulle/664389_imaterial.jpeg,tulle,synthetic,white,floral,sheer,white,floral,sheer,True
/content/data/fabric/test/tulle/585297_l1_imaterial.jpeg,tulle,synthetic,white,solid,smooth,white,solid,smooth,True
/content/data/fabric/test/tulle/475284_imaterial.jpeg,tulle,synthetic,beige,floral,sheer,beige,floral,sheer,True
/content/data/fabric/test/velvet/fashion-men-extended-velvet-t-shirt-longline.jpg,velvet,knitwear,navy,solid,unknown,navy,solid,smooth,True
/content/data/fabric/test/velvet/nakd_wrap_velvet_top_1017-001228-0570_01a.jpg,velvet,knitwear,green,solid,smooth,green,solid,smooth,True
/content/data/fabric/test/velvet/21472_imaterial.jpeg,velvet,knitwear,black,solid,rough_coarse,black,solid,rough_coarse,True
/content/data/fabric/test/velvet/bottle-green-satin-saree-with-velvet-blouse-sarv08609.jpg,velvet,knitwear,green,solid,smooth,green,solid,smooth,True
/content/data/fabric/test/velvet/486910_imaterial.jpeg,velvet,knitwear,black,solid,unknown,black,solid,smooth,True
/content/data/fabric/test/velvet/mens-navy-plus-long-sleeve-regular-fit-velvet-shirt-navy.jpg,velvet,knitwear,navy,solid,rough_coarse,navy,solid,fluffy_furry,True
/content/data/fabric/test/velvet/137004_imaterial.jpeg,velvet,knitwear,red,solid,rough_coarse,red,solid,rough_coarse,True
/content/data/fabric/test/velvet/932981_imaterial.jpeg,velvet,knitwear,white,floral,rough_coarse,white,floral,rough_coarse,True
/content/data/fabric/test/velvet/soniarykiel_kids0252_1024x.jpg,velvet,knitwear,red,solid,ribbed_structured,red,solid,fluffy_furry,True
/content/data/fabric/test/velvet/mbri25kaut1-jblk.jpeg,velvet,knitwear,black,geometric,unknown,black,geometric,smooth,True
/content/data/fabric/test/vinyl/971499_imaterial.jpeg,vinyl,synthetic,black,unknown,smooth,black,solid,smooth,True
/content/data/fabric/test/vinyl/813491_imaterial.jpeg,vinyl,synthetic,black,solid,smooth,black,solid,smooth,True
/content/data/fabric/test/vinyl/879149_imaterial.jpeg,vinyl,synthetic,red,checkered_plaid,rough_coarse,red,checkered_plaid,rough_coarse,True
/content/data/fabric/test/vinyl/647094_imaterial.jpeg,vinyl,synthetic,yellow,unknown,sheer,yellow,checkered_plaid,sheer,True
/content/data/fabric/test/vinyl/967340_imaterial.jpeg,vinyl,synthetic,black,solid,smooth,black,solid,smooth,True
/content/data/fabric/test/vinyl/954714_imaterial.jpeg,vinyl,synthetic,black,solid,smooth,black,solid,smooth,True
/content/data/fabric/test/vinyl/900434_imaterial.jpeg,vinyl,synthetic,yellow,floral,rough_coarse,yellow,floral,rough_coarse,True
/content/data/fabric/test/vinyl/49861_imaterial.jpeg,vinyl,synthetic,grey,solid,smooth,grey,solid,smooth,True
/content/data/fabric/test/vinyl/988973_l1_imaterial.jpeg,vinyl,synthetic,black,unknown,sheer,black,solid,sheer,True
/content/data/fabric/test/vinyl/868591_imaterial.jpeg,vinyl,synthetic,white,geometric,smooth,white,geometric,smooth,True
